id,headline,description,publication_date,source,url
137937,San Vicente Ferrer 2025 en Valencia: cancelan la mascletà y la procesión por el apagón eléctrico,La ciudad había programado distintos actos este lunes para celebrar la festividad de su patrón,2025-04-27T15:43:42,ABC,https://www.abc.es/espana/comunidad-valenciana/san-vicente-ferrer-2025-valencia-horario-mascleta-20250427145756-nt.html
187662,Apagón nuclear: así nos afecta el cierre de las centrales,¿Cuánto queda para que se cierren las centrales nucleares? ¿Es una cuestión política? ¿Cómo de importante es esta energía? ¿Pagaremos más en la factura de la luz? ¿Se...,2025-04-27T22:00:00,El Mundo,https://www.elmundo.es/podcasts/el-mundo-al-dia/2025/04/28/680e789bfc6c83f0278b4576.html?intcmp=livefeed&catlivefeed=Podcast
187826,"Arrancar las centrales hidráulicas, activar al gas.... el protocolo de Red Eléctrica que en las próximas 10 horas tratará de sacar a España del apagón","Pasadas las 12:30 horas de este lunes, los monitores de Red Eléctrica, empezaron a detectar unas oscilaciones muy fuertes de la potencia del sistema eléctrico nacional. Tan...",2025-04-28T13:27:04,El Mundo,https://www.elmundo.es/economia/macroeconomia/2025/04/28/680f7d79e85ece01638b457e.html
605481,Los mejores trucos para no perder la conexión a Internet durante un corte de luz,"En un mundo cada vez más dependiente de la conectividad digital, los cortes de luz pueden ser devastadores, dejando a numerosos hogares y negocios sin acceso a Internet. Aunque mucha gente cree que estos cortes solo se producen con las tormentas eléctricas o demás adversidades climatológicas, lo cierto es que también se pueden dar cuando las temperaturas se disparan por encima de lo normal.",2025-04-28T13:48:45,Huffington Post,https://www.huffingtonpost.es/tecnologia/estos-son-mejores-trucos-perder-conexion-internet-corte-luz-rp.html
137140,Portugal apunta a España como origen del apagón en la península ibérica,El Gobierno crea un equipo para supervisar la incidencia y señala que puede haberse originado fuera del país,2025-04-28T13:57:42,ABC,https://www.abc.es/internacional/portugal-afectado-apagon-norte-sur-apunta-posible-20250428135742-nt.html
11932,Efectos del apagón masivo: pago en efectivo en los comercios y sucursales bancarias sin luz,Solo algunos bancos permiten el pago con tarjeta en sus terminales. No es posible retirar dinero de los cajeros automáticos,2025-04-28T14:13:25,El País,https://elpais.com/economia/2025-04-28/efectos-del-apagon-masivo-pago-en-efectivo-en-los-comercios-y-sucursales-bancarias-sin-luz.html
78439,¿Cuándo vuelve la luz? Así es el comunicado de Red Eléctrica con el que intentar solucionar el gran apagón en,"El conocido ya como el ""gran apagón"" ha dejado sin luz a toda España y parte de Francia, Portugal e Italia",2025-04-28T14:21:19,La Razón,https://www.larazon.es/economia/cuando-vuelve-luz-comunicado-red-electrica-intentar-solucionar-apagon-espana_20250428680f72bfe52da91ed53228cb.html
319614,El apagón más largo de la historia fue de casi un año y afectó a 2 millones de personas,"El apagón que ha afectado a toda la Península tan solo lleva unas horas sembrando el caos logístico en todas partes. Todo parece una anécdota, pues se espera que la incidencia se resuelva en poco tiempo. Pero, ¿qué sucedería si la red eléctrica quedara inutilizada durante casi un año?",2025-04-28T15:24:55,La Vanguardia,https://www.lavanguardia.com/neo/20250428/10625413/apagon-mas-largo-historia-un-ano-2017-afecto-2-millones-personas.html
44817,La causa del apagón: a las 12:33 desapareció el 60% de la energía que se estaba consumiendo,"La caída ""jamás vista"" se produjo durante cinco segundos de manera ""súbita""",2025-04-28T22:14:44,ElDiario.es,https://www.eldiario.es/politica/gobierno-achaca-subita-desaparicion-15-gigavatios-energia-colapso-electrico_1_12254575.html
222015,"Feijóo pide al Gobierno que ""al apagón eléctrico no se sume un apagón informativo""","El presidente del Partido Popular (PP), Alberto Núñez Feijóo, ha sido uno de los líderes políticos que han expresado ante los medios de comunicación su descontento con respecto a la falta de inform...",2025-04-28T22:32:04,Público,https://www.publico.es/politica/partidos/feijoo-reprocha-sanchez-falta-informacion-tres-comunidades-pp-piden-maximo-nivel-emergencia.html
548536,Desesperación en Sants: “Como viajo en Cercanías tendré que dormir en la calle”,"“Me estoy preparando para pasar la noche aquí, jamás me imaginé que dormiría en la calle, pero es lo que me va a tocar”, explica Alex, vecino de Segur de Calafell (El Vendrell), que viajaba en cercanías a las doce y media de la mañana pero se ha tenido que salir del tren debido al apagón masivo. A diferencia de los viajeros de Ave y Media Distancia, los viajeros de la red de cercanías, al igual que la prensa, tienen prohibido entrar en la estación.",2025-04-28T22:52:28,El Periódico,https://www.elperiodico.com/es/sociedad/20250428/desesperacion-sants-viajeros-cercanias-apagon-116834039
387429,Sánchez explica que España perdió en cinco segundos el equivalente al 60% de la luz y admite que se ignora la causa del apagón,"El presidente del Gobierno, Pedro Sánchez, ha explicado este lunes por la noche que pasadas las 12.30 horas ""ha desaparecido"" de forma súbita, durante cinco...",2025-04-28T23:24:11,20minutos,https://www.20minutos.es/noticia/5704738/0/sanchez-explica-espana-perdio-cinco-segundos-equivalente-60-luz-admite-se-ignora-la-causa-apagon/
248595,Andreeva y Gauff relatan cómo vivieron el apagón en el Mutua Madrid Open: «De repente dejé de escuchar̷...,"Se apagó el marcador, la megafonía y los últimos puntos fueron cantados por el juez de silla a viva voz",2025-04-28T23:41:57,OKDiario,https://okdiario.com/deportes/andreeva-gauff-relatan-como-vivieron-apagon-mutua-madrid-open-repente-deje-escuchar-14682371
475812,El apagón general obliga a cancelar la jornada del lunes en el Mutua Madrid Open,El Mutua Madrid Open tuvo que cancelar la jornada de este lunes a consecuencia del apagón general que ha...,2025-04-28T23:44:38,Europa Press,https://www.europapress.es/deportes/tenis-00166/noticia-apagon-general-obliga-cancelar-jornada-lunes-mutua-madrid-open-20250428234438.html
138258,La noche más oscura en varios puntos de Castilla y León,"Las provincias de Segovia, Soria y León, entre las más afectadas. Villablino recupera el suministro eléctrico casi un día después del apagón mientras algunas zonas de Laciana siguen teniendo problemas",2025-04-29T09:08:58,ABC,https://www.abc.es/espana/castilla-leon/noche-oscura-varios-puntos-castilla-leon-20250429090857-nt.html
248730,El tuit futbolero de Pedro Sánchez antes del apagón que suscita todo tipo de comentarios: «Final eléctrica»...,Sánchez felicitó al Barcelona por el título de Copa del Rey con un tuit que ahora se ha hecho viral,2025-04-29T10:04:43,OKDiario,https://okdiario.com/deportes/tuit-futbolero-pedro-sanchez-antes-del-apagon-que-suscita-todo-tipo-comentarios-final-electrica-14683699
187815,"La UE reivindica la importancia de su kit de supervivencia de 72 horas tras el gran apagón: ""Es justo uno de los escenarios que plantea nuestra estrategia""","El tono elegido por la comisaria de Preparación, Gestión de Crisis e Igualdad, Hadja Lahbib, para su presentación fue criticado por muchos. Incluso el contenido de la estrategia...",2025-04-29T10:57:28,El Mundo,https://www.elmundo.es/internacional/2025/04/29/6810ac0de4d4d818498b457b.html
319588,Los bulos lucen durante el apagón,"En momentos de oscuridad, ya sea informativa o —como el pasado lunes— literal, una de las cosas que con más fuerza lucen son los bulos y la desinformación. Pese a las llamadas de las autoridades para que la ciudadanía solo recurriera a fuentes oficiales —escasas y tardías durante el apagón—, la información a menudo queda tergiversada por mentiras bien elaboradas que hasta los medios acaban difundiendo por la urgencia informativa y la supuesta apariencia de veracidad. En el caso de las horas en el que la península quedó sin luz, las fake news empezaron a campar a sus anchas desde los primeros minutos.",2025-04-29T11:13:29,La Vanguardia,https://www.lavanguardia.com/vida/20250429/10628052/bulos-lucen-apagon.html
387558,Seis comunidades autónomas piden desactivar el nivel 3 de emergencia por el apagón y solo dos lo mantienen,Los presidentes López Miras y Rueda han pedido desactivar el nivel 3 solicitado este lunes.,2025-04-29T11:23:52,20minutos,https://www.20minutos.es/noticia/5704880/0/murcia-galicia-piden-bajar-nivel-2-emergencia-para-recuperar-gestion-autonomica-tras-apagon/
11431,Feijóo arremete contra el Gobierno “sobrepasado” por el apagón y critica la gestión “ideológica” del sistema energético,"Ante los líderes europeos presentes en el congreso del PPE, el vicesecretario popular González Pons acusa al Ejecutivo de mentir sobre la caída total de la electricidad",2025-04-29T11:50:38,El País,https://elpais.com/espana/2025-04-29/feijoo-arremete-contra-el-gobierno-sobrepasado-por-el-apagon-y-critica-la-gestion-ideologica-del-sistema-energetico.html
470517,La OTAN sigue la situación por el apagón pero señala que corresponde a España y Portugal investigar las causas,La OTAN está siguiendo la situación en España y Portugal tras el apagón masivo registrado en la península...,2025-04-29T13:23:39,Europa Press,https://www.europapress.es/internacional/noticia-otan-sigue-situacion-apagon-senala-corresponde-espana-portugal-investigar-causas-20250429132339.html
604993,"Ayuso, Abascal, Feijóo y Mazón: carroñeros del apagón; por Alán Barroso",Solo hay algo más oscuro que el apagón de ayer: el nivel de algunos políticos. Ayuso lo tiene claro: la culpa del apagón es del sectarismo de Pedro Sánchez. Literal. Nos apagamos porque votamos mal.,2025-04-29T15:00:00,Huffington Post,https://www.huffingtonpost.es/politica/ayuso-abascal-feijoo-mazon-carronerosapagonan-barroso.html
548593,Sánchez señala a REE y las eléctricas por el apagón y ataca a las nucleares: “Más que una solución han sido un problema”,"El Gobierno se moviliza para llegar hasta el fondo de las causas del apagón masivo que paralizó España. El Consejo de Seguridad Nacional lanza una comisión de investigación para determinar los motivos del colapso total del sistema eléctrico, según ha confirmado el presidente Pedro Sánchez, tras el Consejo de Ministros monográfico sobre la crisis eléctrica. El presidente ha advertido su intención de “exigir las responsabilidades pertinentes a todos los operadores privados” por el caos vivido ayer.",2025-04-29T15:18:01,El Periódico,https://www.elperiodico.com/es/economia/20250429/apagon-sanchez-ree-electricas-nucleares-116866697
78359,"Después del apagón, fuertes lluvias este miércoles en la mitad occidental de Andalucía","La Aemet anuncia una mañana complicada en Huelva, Sevilla y Cádiz",2025-04-29T15:48:48,La Razón,https://www.larazon.es/andalucia/despues-apagon-fuertes-lluvias-este-miercoles-mitad-occidental-andalucia_202504296810d8c0319ae75da4bb9c13.html
448825,¿Qué hacer con los alimentos de la nevera tras el apagón eléctrico?,"Las autoridades sanitarias advierten que, tras más de cuatro horas sin refrigeración, muchos alimentos dejan de ser seguros.",2025-04-29T18:03:01,Libertad Digital,https://www.libertaddigital.com/ciencia-tecnologia/salud/2025-04-29/que-hacer-con-los-alimentos-de-la-nevera-tras-el-apagon-electrico-7248466/
222100,"'Informe Público, Especial Apagón': así ha sido la gestión y reacción política","El 29 de abril, España vivió el apagón más grande de su historia, dejando a millones de personas sin electricidad y generando caos en transporte, comunicaciones y servicios esenciales.",2025-04-29T19:30:00,Público,https://www.publico.es/politica/gobierno/video-informe-publico-especial-apagon-asi-sido-gestion-reaccion-politica.html
387826,"El Gobierno evita atarse a Red Eléctrica, quita peso a sus explicaciones y mantiene viva la tesis del ciberataque",Moncloa no aclara el origen del apagón y muestra su malestar con la operadora porque cree que ha ofrecido información sin tener aún certezas,2025-04-30T05:00:23,20minutos,https://www.20minutos.es/noticia/5705120/0/gobierno-evita-atarse-red-electrica-quita-peso-sus-explicaciones-mantiene-viva-tesis-ciberataque/
248916,Cero energético: te contamos las causas del gran apagón,Un cero energético no significa literalmente que no haya nada de electricidad en todo el país,2025-04-30T06:15:19,OKDiario,https://okdiario.com/okgreen/cero-energetico-te-contamos-causas-del-gran-apagon-14688876
137451,La desaladora de Carboneras retoma su actividad tras el apagón y garantiza el suministro en el Levante de A...,La planta está produciendo agua en cinco de sus bastidores y se retoma la normalidad en el abastecimiento,2025-04-30T09:27:41,ABC,https://www.abc.es/espana/andalucia/almeria/desaladora-carboneras-retoma-actividad-tras-apagon-garantiza-20250430092350-nts.html
449090,"Beatriz Corredor aparece casi 48 horas después del apagón: ""No volverá a ocurrir""","Corredor, que sigue sin dar la cara, ha asegurado en una entrevista telefónica que ""hemos aprendido"" del apagón.",2025-04-30T09:52:35,Libertad Digital,https://www.libertaddigital.com/libremercado/2025-04-30/beatriz-corredor-aparece-casi-48-horas-del-apagon-no-volvera-a-ocurrir-7248762/
320102,Los autobuses de TMB baten el récord histórico de pasajeros en el apagón,"Después del récord histórico de viajeros del metro de Barcelona, el pasado día 23, diada de Sant Jordi, este lunes fueron los autobuses de Transports Metropolitans de Barcelona (TMB) los que pulverizaron todos los registros al convertirse en una de las pocas opciones para desplazarse por la ciudad y los municipios más próximos durante las largas horas del apagón del lunes. Durante esta jornada los autobuses de TMB transportaron a 1.250.000 pasajeros.",2025-04-30T10:00:00,La Vanguardia,https://www.lavanguardia.com/local/barcelona/20250430/10631953/autobuses-tmb-baten-record-historico-pasajeros-apagon.html
548830,"Así se vivió el apagón en la Cañada Real: ""Nosotras lo vivimos cada noche desde 2020""","""Por primera vez en mucho tiempo en Cañada estamos en mejores condiciones que en el resto de España"", denunciaban desde la Asociación Cultural de Mujeres Tabadol del sector VI de la Cañada Real Galiana de Madrid tras el apagón. Un corte eléctrico que afectó en esta ocasión a todos los españoles, incluidos a los vecinos de la Cañada Real que llevan alrededor de cinco años denunciando la falta de suministro eléctrico. ""Fue doloroso. Lo vivimos con una mezcla de indignación, impotencia y tristeza. Para el resto del país fue un suceso excepcional que duró unas horas, pero para nosotras se replicaba todo lo que hemos vivido desde 2020, fue un espejo que mostró por un día lo que vivimos cada noche"", confiesa su presidenta Houda Akrikez a El Periódico de España.",2025-04-30T10:18:03,El Periódico,https://www.elperiodico.com/es/sociedad/20250430/canada-real-apagon-espana-116893822
78831,La DGT recuerda cómo se deben realizar los cruces cuando no hay semáforos ni señales,"Durante el apagón se apagaron, lo que modificó el orden de prioridad. Ante ello, hay que volver a los principios básicos de circulación",2025-04-30T11:30:14,La Razón,https://www.larazon.es/sociedad/dgt-recuerda-como-deben-realizar-cruces-cuando-hay-semaforos-senales-p7m_202504306811ebd4e52da91ed533f47d.html
605243,Las eléctricas tienen de plazo hasta esta tarde para entregar sus datos sobre el apagón al Gobierno,"El Gobierno ha dado de plazo hasta esta tarde a las compañías eléctricas para que entreguen los datos de los centros de control que dependen de ellas a fin de averiguar las causas del apagón que afectó el lunes a la España peninsular, ha explicado este miércoles Beatriz Corredor, presidenta de Redeia, matriz de Red Eléctrica.",2025-04-30T14:07:38,Huffington Post,https://www.huffingtonpost.es/politica/electricas-plazo-tarde-entregar-datos-gobierno-apagon-masivo.html
222145,El Gobierno pide máxima rapidez a los operadores eléctricos para que envíen los datos sobre el apagón,Este miércoles tendrá lugar la primera reunión del comité de análisis creado por el Ejecutivo de Sánchez para investigar lo sucedido con el corte de suministro eléctrico. ...,2025-04-30T14:59:37,Público,https://www.publico.es/politica/gobierno/gobierno-pide-maxima-rapidez-operadores-electricos-envien-datos-sobre-apagon.html
11771,"Beatriz Corredor: “El riesgo cero no existe, que se lo digan a Francia o a Italia, que han tenido problemas similares”","La presidenta de Redeia asegura que el fallo que provocó el apagón no estuvo en Red Eléctrica. Y añade: “No es cierto que la nuclear sea más segura para el suministro, ni que las renovables hagan más vulnerable el sistema”",2025-04-30T21:55:51,El País,https://elpais.com/economia/2025-04-30/beatriz-corredor-no-es-cierto-que-la-nuclear-sea-mas-segura-para-el-suministro-ni-que-la-las-renovables-hagan-mas-vulnerable-el-sistema.html
44921,Lo que está detrás del apagón,"El Gobierno intenta transmitir confianza en el sistema eléctrico a pesar de lo ocurrido: ""Entendemos que esto va a ser un incidente aislado, pero no sabemos cuál ha sido el origen"". Las dos partes de la frase pueden sonar un poco contradictorias",2025-04-30T22:03:42,ElDiario.es,https://www.eldiario.es/politica/detras-apagon_129_12261388.html
471031,La Comunidad de Madrid recupera el mando del PLATERCAM y establece la situación operativa 0 tras el apagón,La Comunidad de Madrid ha recuperado este miércoles el mando del Plan Territorial de Protección Civil...,2025-04-30T22:19:56,Europa Press,https://www.europapress.es/madrid/noticia-comunidad-madrid-recupera-mando-platercam-establece-situacion-operativa-apagon-20250430221956.html
188082,El apagón desata la sobretensión de Ayuso con Moncloa antes del Dos de Mayo: 22 guerras con 22 ministros,"Tras el apagón eléctrico, la sobretensión política. El Dos de Mayo, epicentro habitual de confrontación entre el Gobierno central y el de la Comunidad de Madrid, estará...",2025-04-30T22:24:15,El Mundo,https://www.elmundo.es/madrid/2025/05/01/68124a54e85ecea0378b45bc.html
79281,"Las lecciones sobre ""inflación"" que nos deja el apagón: el transistor que pasó en minutos de valer 1","Durante las horas que duró el corte de energía, el capitalismo más descarnado dio la cara en algunos de los momentos de mayor incertidumbre",2025-05-01T02:00:21,La Razón,https://www.larazon.es/economia/lecciones-inflacion-que-nos-deja-apagon-transistor-que-paso-minutos-valer-15-25-euros_202505016811e51a319ae75da4bc57ec.html
451217,"Red Eléctrica se encomienda a los embalses tras el apagón: ""Se han puesto el cinturón""","El día después al apagón, la hidráulica generaba 40 veces más energía que la que generó a las 12:30 del fatídico lunes.",2025-05-01T04:10:18,Libertad Digital,https://www.libertaddigital.com/libremercado/2025-05-01/red-electrica-se-encomienda-a-los-embalses-tras-el-apagon-se-han-puesto-el-cinturon-7249148/
12035,Los últimos de Madrid: el apagón en dos bloques de vecinos en Ciudad Lineal duró 36 horas,Los números 15 y 17 de la calle de Hermanos García Noblejas habían sufrido una avería a causa de las fluctuaciones de la tensión eléctrica que provocó el incidente masivo,2025-05-01T05:00:00,El País,https://elpais.com/espana/madrid/2025-05-01/los-ultimos-de-madrid-el-apagon-en-dos-bloques-de-vecinos-en-ciudad-lineal-duro-36-horas.html
320825,Visita sorpresa y fugaz de Mazón con abrazo al presidente popular en el cónclave del PPE,"Fue todo muy rápido. Llegó sin avisar a los medios de comunicación, esperó a Alberto Núñez Feijóo, al que se abrazó; fue saludado por la cúpula del PP nacional –Cuca Gamarra y Miguel Tellado– y se marchó rodeado de periodistas que intentaron, sin éxito, que se detuviera para abordar cuestiones referidas a la efeméride de la dana, de la que se han cumplido seis meses. Sucedió ayer a primera hora de la mañana en el congreso del PPE que se ha celebrado en Feria Valencia. Ni en su agenda institucional ni en la del PP valenciano estaba anunciada la presencia de Carlos Mazón. El día anterior, primero del cónclave, ya se justificó la ausencia del presidente de la Generalitat Valenciana en la inauguración por su trabajo en la gestión de la crisis del apagón; ayer tampoco participó en la clausura que protagonizó Feijóo. En ese momento ya estaba de camino a Madrid para coger un vuelo a EE.UU. para realizar un viaje relacionado con la guerra de los aranceles.",2025-05-01T05:00:00,La Vanguardia,https://www.lavanguardia.com/local/valencia/20250501/10635790/visita-sorpresa-fugaz-mazon-abrazo-presidente-popular-conclave-ppe.html
249350,Díaz exigió hace dos semanas reducir las «importaciones energéticas» que permitieron resolver el apagón,"Sumar pide crear un Observatorio para equilibrar la balanza comercial, sobre todo en energía",2025-05-01T06:52:23,OKDiario,https://okdiario.com/espana/diaz-exigio-hace-dos-semanas-reducir-importaciones-energeticas-que-permitieron-resolver-apagon-14692018
44999,El Gobierno pide más información a las operadoras sobre el apagón,"El comité que analiza las causas de la crisis energética se volverá a reunir el próximo sábado en la sede de REE, que afirma que ha entregado ya toda la información, ""un contingente de millones de datos""",2025-05-01T13:04:45,ElDiario.es,https://www.eldiario.es/economia/gobierno-pide-informacion-operadoras-apagon_1_12263554.html
138855,"Jesús García Calero: Hemos vuelto, Sans Délai",¿Responsabilidades por el apagón? Vuelva usted mañana. ¿Dimisiones por la corrupción? Vuelva usted mañana...,2025-05-01T14:01:11,ABC,https://www.abc.es/cultura/cultural/jesus-garcia-calero-vuelta-sans-delai-20250501104022-nt.html
551289,Pocas luces en comunicación de crisis,"Aunque sigamos sin conocer cuál fue la causa del apagón eléctrico del lunes, sí podemos analizar el apagón comunicativo del Gobierno español durante cinco horas, las pocas luces de algunos dirigentes autonómicos para tratar de brillar en la oscuridad o la falta de energía de Zarzuela y del president Illa…",2025-05-01T15:16:43,El Periódico,https://www.elperiodico.com/es/ocio-y-cultura/20250501/luces-comunicacion-crisis-patrycia-centeno-apagon-sanchez-116941943
481524,Gestores europeos de redes de electricidad investigan el apagón y celebran la pronta vuelta del suministro,"La Red Europea de Gestores de Redes de Transporte de Electricidad (ENTSO-E, por sus siglas en inglés) ha...",2025-05-01T16:13:39,Europa Press,https://www.europapress.es/economia/energia-00341/noticia-gestores-europeos-redes-electricidad-investigan-apagon-celebran-pronta-vuelta-suministro-20250501161339.html
388717,Los trabajadores marchan por el 1 de mayo: 'Con el apagón te das cuenta de que pasamos demasiado tiempo en el trabajo',"La reducción de la jornada laboral a 37,5 horas semanales es la principal demanda de los asistentes a la marcha.",2025-05-01T16:23:13,20minutos,https://www.20minutos.es/noticia/5705752/0/los-trabajadores-marchan-madrid-por-1-mayo-despues-apagon-te-das-cuenta-que-pasas-mucho-tiempo-trabajo/
222273,El Gobierno de Portugal ordena una auditoría de comunicaciones y transportes tras el apagón,Solicitará además unas pesquisas a nivel europeo para evaluar los sistemas eléctricos en la Península Ibérica.,2025-05-01T20:52:59,Público,https://www.publico.es/politica/gobierno-portugal-ordena-auditoria-comunicaciones-transportes-apagon.html
606637,"Las energías renovables, bajo la lupa tras el gran apagón con varias hipótesis y pocas certezas","El gran apagón sigue dejando varias dudas sobre qué pasó. Mientras el Gobierno sigue adelante con la comisión de análisis independiente, conformada por Consejo de Seguridad Nacional, para tratar de esclarecer lo sucedido el pasado 28 de abril, la lupa se cierne sobre las energías renovables.",2025-05-01T20:56:53,Huffington Post,https://www.huffingtonpost.es/politica/las-energias-renovables-lupa-gran-apagon-hipotesis-pocas-certezas.html
188363,La cúpula de Competencia aborda el lunes el primer informe sobre el gran apagón con el foco en Red Eléctrica,Moncloa ha querido dejar claro que ha invitado a sentarse a la mesa de su comisión de investigación sobre las causas del apagón a la Comisión Nacional de los Mercados y la...,2025-05-01T21:17:57,El Mundo,https://www.elmundo.es/economia/empresas/2025/05/01/6813bc5fe85ece2c0c8b4572.html
451252,Think tanks republicanos exhibirán el apagón como ejemplo de destrozo del ecologismo ultra,El fracaso histórico de Sánchez en su ecologismo ultra servirá ahora de ayuda a la Administración Trump para impulsar lo contrario.,2025-05-02T04:14:26,Libertad Digital,https://www.libertaddigital.com/libremercado/2025-05-02/think-tanks-republicanos-exhibiran-en-eeuu-el-apagon-espanol-como-ejemplo-de-destrozo-por-el-ecologismo-ultra-7249364/
12167,Apagón: así lo afronté con mi mochila del fin del mundo,"Prepararse para grandes emergencias no es de miedosos ni pesimistas, sino la opción sensata, lo que habría hecho mi abuela",2025-05-02T05:30:00,El País,https://elpais.com/ideas/2025-05-02/apagon-asi-lo-afronte-con-mi-mochila-del-fin-del-mundo.html
320826,El Gobierno asume que tardará en señalar a los responsables del apagón,"El Gobierno es consciente de que no va a poder señalar a los responsables del apagón del pasado lunes de forma rápida y responder así a las preguntas que se hacen los ciudadanos. La vicepresidencia de Transición Ecológica ha empezado a recibir información de las compañías, desde Red Eléctrica (REE), encargada del transporte de la electricidad, a las múltiples operadoras privadas que se ocupan de la generación y distribución de la energía. Pero el ingente volumen de datos no esclarece de momento la causa del apagón y se ha pedido más información. Si bien las empresas colaboran por el momento, en el Gobierno también empiezan a percibir que tratan de desviar el foco de unas a otras. No en vano hay millones de euros en juego en función de las responsabilidades que se puedan dirimir.",2025-05-02T06:00:00,La Vanguardia,https://www.lavanguardia.com/politica/20250502/10638309/gobierno-asume-tardara-senalar-responsables-apagon.html
487843,"Redeia se hunde un 4% en Bolsa tras ganar un 4,2% más hasta marzo, con resaca del apagón","Redeia caía más de un 4% en Bolsa en el arranque de la sesión bursátil de este viernes, después de que la...",2025-05-02T07:36:56,Europa Press,https://www.europapress.es/economia/bolsa-00348/noticia-redeia-hunde-bolsa-ganar-42-mas-marzo-resaca-apagon-20250502093656.html
388905,Portugal investiga la muerte de una mujer de 77 años como posible primera víctima del apagón en el país,El ventilador al que la fallecida estaba conectada las 24 horas dejó de funcionar por falta de energía.,2025-05-02T12:47:16,20minutos,https://www.20minutos.es/internacional/portugal-investiga-muerte-posible-primera-victima-apagon-pais-5705945/
551398,Hasta 400 personas se reúnen para ver amanecer con cascos luminosos en la Barceloneta,"No sabes si decir buenas noches o buenos días. Aún no ha amanecido, no son ni las 6. Por la calle solo hay gente con legañas y andares a lo ‘walking dead’. Hasta que llegas a la Barceloneta. A las 6.20 se va formando una multitud sonriente delante del mar aún en penumbra. 40 personas, 60, 80. Un tipo va repartiendo cascos luminosos a pie de arena. Suena una kora de fondo, ese arpa-laúd africano. Solo falta una radio a pilas para completar el ambiente de apagón apocalíptico. Extiendes el pareo y sonríes a tu vecina de arena con cara de interrogante. Ella te devuelve la sonrisa con cara de “ya verás, ya”. Te ajustas los cascos luminosos, la kora ahora te toca al oído, cierras los ojos. Una voz te invita a respirar.",2025-05-02T12:49:43,El Periódico,https://www.elperiodico.com/es/que-hacer/planes/20250502/amanecer-cascos-barceloneta-barcelona-respiracion-breathwork-show-up-116963422
606743,"Ayuso aprovecha el Dos de Mayo para cargar contra Sánchez por el ""bochornoso"" apagón","La presidenta de la Comunidad de Madrid, Isabel Díaz Ayuso, ha aprovechado este viernes el acto principal de la festividad del Dos de Mayo para cargar contra el Gobierno por el ""bochornoso"" apagón que dejó España ""a oscuras"" cuatro días antes.",2025-05-02T13:33:29,Huffington Post,https://www.huffingtonpost.es/politica/ayuso-aprovecha-dos-mayo-cargar-gobierno-bochornoso-apagon.html
222295,"Ayuso usa el 2 de mayo para atacar a Sánchez por el apagón: ""No podemos acostumbrarnos al desastre""","Un trueno estruendoso ha acompañado a la presidenta de la Comunidad de Madrid, Isabel Díaz Ayuso, y al alcalde de la capital, José Luis Martínez-Almeida, en su paseíllo desde la calle de Correos ha...",2025-05-02T13:51:47,Público,https://www.publico.es/politica/partidos/ayuso-usa-2-mayo-atacar-sanchez-apagon-podemos-acostumbrarnos-desastre.html
45035,Feijóo pide ahora una auditoría internacional independiente para saber qué pasó en el apagón y defiende las nucleares,"El líder del PP español organizó un acto en una sede institucional de la Xunta en el que acusó al Gobierno de ""ocultación"" sobre la caída del sistema eléctrico",2025-05-02T14:09:58,ElDiario.es,https://www.eldiario.es/galicia/feijoo-pide-ahora-auditoria-internacional-independiente-paso-apagon-defiende-nucleares_1_12265912.html
249697,Feijóo pide una auditoría internacional para aclarar el motivo del apagón: «España ha hecho el ridículo»...,"El líder del Partido Popular considera que ""cerrar hoy las centrales nucleares no es un error, es una temeridad""",2025-05-02T16:07:24,OKDiario,https://okdiario.com/espana/feijoo-pide-auditoria-internacional-aclarar-motivo-del-apagon-espana-hecho-ridiculo-14703513
79757,"Gobierno bajo sospecha: Feijóo pide una auditoría internacional sobre el apagón eléctrico""","El líder del PP asegura que el Ejecutivo ""no es de fiar""",2025-05-02T17:54:49,La Razón,https://www.larazon.es/espana/gobierno-sospecha-feijoo-pide-auditoria-internacional-apagon-electrico_202505026814eac9e52da91ed536079b.html
139025,"Rueda defiende la gestión del apagón en Galicia, que fue «muy profesional»","Lamenta que fuese cada comunidad, de manera independiente, la que tuviesen que solicitar el nivel 3 de emergencia: «El Gobierno no lo tenía tan claro»",2025-05-02T19:10:57,ABC,https://www.abc.es/espana/galicia/rueda-defiende-gestion-apagon-galicia-profesional-20250502191056-nt.html
188463,La alegría de Borja Jiménez se cuela por la única rendija del muro de Jandilla y la Maestranza se tira de cabeza,"Fue dura la tarde ya no sólo por la resaca emocional de Morante de la Puebla, sino por el apagón de bravura de la corrida de Jandilla. El muro infranqueable de los jandillas, que...",2025-05-02T20:11:48,El Mundo,https://www.elmundo.es/cultura/toros/2025/05/02/6814db6b21efa030568b4596.html
12368,Apagón a 8.000 kilómetros de ti,"La tecnología reduce la distancia, pero nos deja sin tiempo para imaginarnos. ¿Y si esta forma de estar conectadas fuera una trampa?",2025-05-03T05:30:00,El País,https://elpais.com/ideas/2025-05-03/apagon-a-8000-kilometros-de-ti.html
45079,Aguas contaminadas y bacterias flotantes: el apagón paró las depuradoras gallegas y convirtió en riesgo el baño en playas y ríos,"Los ecologistas estiman que, sólo en Vigo —donde primero se prohibió bañarse—, se vertieron más de 400 millones de litros de agua sin tratar a la ría y exigen a las administraciones que expliquen por qué estas estaciones no tienen fuentes de energía auxiliar tal y como exige la normativa estatal",2025-05-03T06:01:03,ElDiario.es,https://www.eldiario.es/galicia/aguas-contaminadas-bacterias-flotantes-apagon-paro-depuradoras-gallegas-convirtio-riesgo-bano-playas-rios_1_12265601.html
551369,¿Hubo un 'apagón político' en Catalunya? Todo lo que falló (y lo que no) tras el cero eléctrico,"A las 12.33 horas del lunes, se produjo un cero eléctrico nacional. El president Salvador Illa visitaba las obras del Hall Zero de Fira de Barcelona en L'Hospitalet de Llobregat cuando detectó que las conexiones no funcionaban. Su mano derecha, el conseller de la Presidència, Albert Dalmau, montó el comité de crisis y el Palau de la Generalitat se convirtió en un centro de operaciones con los mandos centralizados en la Sala Tàpies y el Saló de Sant Jordi, y con interlocución directa con el CECAT en el Departament d'Interior.",2025-05-03T09:01:09,El Periódico,https://www.elperiodico.com/es/politica/20250503/apagon-luz-cataluna-govern-salvador-illa-116938160
222323,"El 46% de españoles cree que la causa del apagón fue un fallo eléctrico y el 26%, un ciberataque","El 59% de encuestados por el CIS cree que la información facilitada por el Gobierno fue ""insuficiente"".",2025-05-03T12:40:15,Público,https://www.publico.es/politica/46-espanoles-cree-causa-apagon-fallo-electrico-26-ciberataque.html
321080,Un 59% de la población cree que la información oficial sobre el apagón fue insuficiente,"Más de la mitad de los españoles, un 59%, considera que la información facilitada por el Gobierno durante las largas horas de la crisis de abastecimiento de electricidad fue insuficiente. Algo más de la cuarta parte de la opinión pública, por el contrario, se considera satisfecho con la información que facilitó la Administración.",2025-05-03T12:41:56,La Vanguardia,https://www.lavanguardia.com/politica/20250503/10642500/59-poblacion-cree-informacion-oficial-sobre-apagon-insuficiente.html
449240,"El 60% de los españoles considera ""insuficiente"" la información del Gobierno durante el apagón según el CIS de Tezanos",Más de la mitad de los encuestados asegura que el apagón les afectó mucho o bastante y más de un 20% sintió miedo.,2025-05-03T13:15:03,Libertad Digital,https://www.libertaddigital.com/espana/politica/2025-05-03/el-60-de-los-espanoles-considera-insuficiente-la-informacion-del-gobierno-durante-el-apagon-segun-el-cis-de-tezanos-7249701/
389110,"Antonio Aceituno, experto en energía, sobre el apagón: 'Hubo suerte, sin embalses al 90% la recuperación no hubiera sido tan rápida'","""Nuestro sistema debe seguir teniendo la inercia suficiente para solventar estos problemas"", sostiene.",2025-05-03T14:06:59,20minutos,https://www.20minutos.es/noticia/5706098/0/antonio-aceituno-experto-energia-apagon-suerte-sin-embalses-recuperacion-no-tan-rapida/
606917,El Comité de análisis del apagón sigue analizando los datos y crea dos grupos de trabajo,"El Comité de análisis del Gobierno para determinar las causas del apagón eléctrico del pasado lunes ha concluido este sábado su reunión y sigue esperando la ""totalidad de la información requerida"", según ha informado el Ministerio de Transición Ecológica y el Reto Demográfico.",2025-05-03T14:10:22,Huffington Post,https://www.huffingtonpost.es/politica/el-comite-analisis-apagon-sigue-analizando-datos-crea-dos-grupos-trabajobr.html
80029,"El PP insiste en la ""incapacidad"" del Gobierno: ""Ha entrado en parada""","Bravo denuncia la falta de información sobre el apagón y alerta de que Sánchez ""está bloqueando el país""",2025-05-03T14:36:45,La Razón,https://www.larazon.es/espana/insiste-incapacidad-gobierno-entrado-parada_2025050368160ddde52da91ed5369d6f.html
138919,Tezanos aprovecha la encuesta 'flash' del CIS sobre el apagón para colar preguntas sobre intención de voto,"El organismo público vuelve a dar ganador al PSOE, que amplía su distancia con el PP, en un sondeo no electoral",2025-05-03T14:48:59,ABC,https://www.abc.es/espana/tezanos-aprovecha-encuesta-flash-cis-sobre-apagon-20250503144858-nt.html
476840,"El PSOE aumenta su distancia con el PP en intención de voto tras el apagón, según el CIS 'flash'",El PSOE sería el partido más votado en unas próximas elecciones generales y ampliaría su ventaja con el...,2025-05-03T15:01:04,Europa Press,https://www.europapress.es/nacional/noticia-psoe-aumenta-distancia-pp-intencion-voto-apagon-cis-flash-20250503150104.html
249853,Recuerdos de la radio en el apagón del 28 de abril,"El apagón del pasado lunes llevó a refugiarse en la radio para ir sabiendo lo que estaba ocurriendo, dando lugar a una segunda noche de los transistores",2025-05-03T15:15:44,OKDiario,https://okdiario.com/baleares/recuerdos-radio-apagon-del-28-abril-14706011
188552,"El gobierno encuentra un 'consuelo' en la crisis del apagón: desvía el foco del ""problema de imagen"" de Sánchez","En abril de 2017, el Gobierno, entonces presidido por Mariano Rajoy, confesó que no contaba con ""ningún protocolo específico"" para una ""apocalipsis zombi"",...",2025-05-03T23:37:07,El Mundo,https://www.elmundo.es/espana/2025/05/04/681629b4e4d4d808588b458b.html
321186,"La red eléctrica, en cuestión","En 2008 fue la prima de riesgo del sistema financiero español. En 2021, el mercado marginalista de precios energéticos. Ahora toca aprender qué es la inercia, la sincronía y asincronía del mercado eléctrico. Cada una de las crisis que azotan este país abre un nuevo reto de comprensión técnica y el apagón total de luz que sufrió el pasado lunes la península Ibérica requiere dosis extra de paciencia y atención. Conocer qué provocó el colapso de la red eléctrica, el más importante en la historia de Europa, va a llevar tiempo. En este momento solo Red Eléctrica Española (REE), la compañía encargada de gestionar el tráfico en la red eléctrica de España, puede dar luz a la incógnita sobre el cero energético del lunes.",2025-05-04T00:05:00,La Vanguardia,https://www.lavanguardia.com/dinero/20250504/10640946/red-electrica-cuestion.html
80173,El apagón puso a prueba la Sanidad,Muchos de los enfermos de ELA padecieron especialmente ante la imposibilidad de conectar las máquinas que les mantienen con vida,2025-05-04T02:15:13,La Razón,https://www.larazon.es/salud/apagon-puso-prueba-sanidad_202505046816b1915d71dc778a97c6cb.html
12422,"Trenes varados durante el apagón, la vulnerabilidad de un transporte más limpio","La electrificación de la red y de los servicios ferroviarios, en favor de la descarbonización y eficiencia, carece de un plan B ante un fallo del sistema de alimentación como el del lunes",2025-05-04T05:40:00,El País,https://elpais.com/economia/2025-05-04/trenes-varados-durante-el-apagon-la-vulnerabilidad-de-un-transporte-mas-limpio.html
389223,La falta de explicaciones acerca del apagón aumenta el recelo de la oposición sobre la estrategia de renovables del Gobierno,"La ausencia, por ahora, de una explicación por parte del Gobierno sobre los motivos que llevaron a que el pasado lunes España sufriera un apagón total de...",2025-05-04T08:00:11,20minutos,https://www.20minutos.es/noticia/5705605/0/falta-explicaciones-acerca-apagon-aumenta-recelo-oposicion-sobre-estrategia-renovables-gobierno/
449273,"La ministra Aagesen sigue sin explicar el apagón pero tacha de ""simplistas"" a los que señalan a las renovables","La ministra niega que las renovables estén detrás del colapso y avisa de que podríamos tardar meses en conocer la causa: ""Es un océano de datos"".",2025-05-04T09:16:45,Libertad Digital,https://www.libertaddigital.com/espana/politica/2025-05-04/la-ministra-aagesen-sigue-sin-explicar-el-apagon-pero-tacha-de-simplistas-a-los-que-senalan-a-las-renovables-7249884/
476929,"Aagesen afirma que señalar a las renovables en el apagón es ""irresponsable y simplista""","Insiste en que todas las hipótesis continúan abiertas, que se tardarán ""muchos días"" en conocer las causas y...",2025-05-04T11:09:20,Europa Press,https://www.europapress.es/economia/energia-00341/noticia-aagesen-afirma-senalar-renovables-apagon-irresponsable-simplista-20250504110920.html
607034,"Aagesen afirma que señalar a las renovables en el apagón es ""irresponsable y simplista""","La vicepresidente tercera y ministra para la Transición Ecológica, Sara Aagesen, ha afirmado este domingo que señalar a las energías renovables como motivo del apagón del pasado lunes es ""irresponsable y simplista"" y ha insistido en que todas las hipótesis continúan abiertas.",2025-05-04T11:13:51,Huffington Post,https://www.huffingtonpost.es/politica/aagesen-afirmanalar-renovables-apagon-irresponsable-simplista.html
250011,El precio de la luz sigue inestable tras el gran apagón: cae más del 30% este domingo,El precio de la luz será de coste cero o incluso negativo durante 10 horas,2025-05-04T13:55:01,OKDiario,https://okdiario.com/economia/precio-luz-sigue-inestable-gran-apagon-cae-mas-del-30-este-domingo-14709088
551501,Sánchez viaja a Barcelona en pleno debate por el apagón y la OPA de BBVA a Sabadell,"El apagón eléctrico -o más bien sus causas-, la OPA de BBVA a Sabadell y la aprobación de la reducción de la jornada laboral marcarán la 40 Reunió Cercle d'Economia, que empieza este lunes en el Palau de Congressos de Catalunya. El presidente del Gobierno, Pedro Sánchez, será el encargado de abrir la edición de este año, que tiene como lema 'Europa: wake-up call? Cómo responder en un momento de disrupción geopolítica'; y deberá responder a estas tres patatas calientes que tienen encima de la mesa.",2025-05-04T17:59:58,El Periódico,https://www.elperiodico.com/es/politica/20250504/pedro-sanchez-cercle-economia-apagon-opa-bbva-sabadell-117021355
188636,"Un hombre, un móvil, una cinta de correr","Prepárense a leer otra batallita del apagón. Pero si vivimos en la cultura de la individualidad absoluta, ese es el precio: un hombre, un voto, una turra del día en el que se...",2025-05-04T19:30:53,El Mundo,https://www.elmundo.es/cultura/2025/05/04/68178284fdddff586b8b458a.html
139114,Los partos se dispararon en un hospital gallego en el apagón: cinco en 24 horas cuando lo normal era uno ca...,"Los alumbramientos se fueron encadenando durante la accidentada jornada en el hospital público de Monforte (Lugo), como si de una suerte de metáfora se tratara",2025-05-04T19:37:15,ABC,https://www.abc.es/espana/galicia/partos-dispararon-hospital-gallego-apagon-cinco-horas-20250504193714-nt.html
80465,"Los inversores ""culpan"" a Red Eléctrica del gran apagón: pierde 800 millones en bolsa","Las acciones de Redeia sufren una caída del 7,7% tras el caos del pasado lunes, mientras que sube la cotización de las principales eléctricas como Iberdrola y Endesa",2025-05-05T02:52:08,La Razón,https://www.larazon.es/economia/inversores-culpan-red-electrica-gran-apagon-pierde-800-millones-bolsa_2025050568180bb8319ae75da4c05f9e.html
389380,"No va de renovables o nuclear, va de gestionar bien | Opinión de Jesús Morales","Gobierno, oposición e incluso organizaciones ecologistas han entrado en un debate excesivamente teórico sobre las culpas del apagón. Los responsables inmediatos...",2025-05-05T04:13:12,20minutos,https://www.20minutos.es/noticia/5706252/0/no-va-renovables-nuclear-va-gestionar-bien/
12571,Más nucleares a cambio de las medidas anti-aranceles,"Tras el apagón, Feijóo introduce una nueva exigencia para apoyar el escudo del Gobierno, que confía en que el PP al menos se abstenga este jueves",2025-05-05T05:40:00,El País,https://elpais.com/espana/2025-05-05/mas-nucleares-a-cambio-de-las-medidas-anti-aranceles.html
45134,"Muñoz Rengel, autor de literatura fantástica: “El apagón masivo nos insiste en la idea de que todo está en el aire”","El malagueño regresa a los anaqueles de novedades con 'La transmigración', una fantasía en torno a la posibilidad de que la mente humana cambie de cuerpo",2025-05-05T06:00:39,ElDiario.es,https://www.eldiario.es/andalucia/lacajanegra/libros/munoz-rengel-autor-literatura-fantastica-apagon-masivo-insiste-idea-aire_1_12264244.html
139213,"Una Caja Mágica atípica: el primer año sin Nadal, un apagón y nuevas realidades","El torneo cierra su edición más atípica por bajas, derrotas, debates y un día sin luz para la historia",2025-05-05T06:37:27,ABC,https://www.abc.es/deportes/tenis/caja-magica-atipica-primer-ano-nadal-apagon-20250504220356-nt.html
188710,Aagesen revela que hubo un tercer incidente 19 segundos antes del apagón,Seguimos conociendo nuevos datos sobre el gran apagón que afectó a España hace exactamente una semana. La vicepresidenta tercera y ministra para la Transición Ecológica y Reto...,2025-05-05T07:32:14,El Mundo,https://www.elmundo.es/economia/2025/05/05/6818697a21efa0352f8b4597.html
607209,Las grandes eléctricas piden participar en el comité de crisis por el apagón y tener acceso a los datos de Red Eléctrica,"Aelec, la patronal eléctrica de la que forman parte Endesa, Iberdrola y EDP España, pedirá ser una de las partes interesadas en el comité creada por el Gobierno para investigar las causas del apagón ocurrido el pasado 28 de abril, y solicitará también ""poder tener un acceso pleno y transparente a toda la información sobre el incidente de la que dispone el operador del sistema, Red Eléctrica de España (REE)"".",2025-05-05T10:33:13,Huffington Post,https://www.huffingtonpost.es/politica/las-grandesectricas-piden-participar-comite-crisis-apagon-acceso-datos-redectrica.html
321467,La patronal de Mercadona y Lidl calcula pérdidas de 53 millones por el apagón,"La principal agrupación de supermercados de España (Asedas) estima en 53 millones de euros las pérdidas sufridas por sus empresas asociadas a causa del apagón del pasado lunes. Mercadona, Dia, Lidl, Condis, Consum, Aldi, Plusfresc o Transgourmet son algunas de las empresas agrupadas en Asedas y todas ellas han sido impactadas por la grave crisis eléctrica.",2025-05-05T12:30:34,La Vanguardia,https://www.lavanguardia.com/economia/20250505/10646431/patronal-mercadona-lidl-calcula-perdidas-53-millones-apagon.html
551532,Junts presenta un veto a la reducción de jornada y complica su aprobación en el Congreso,"El Consejo de Ministros de este martes aprobará finalmente el proyecto de ley que debe permitir reducir la jornada laboral hasta las 37 horas y media semanales, después de tener que aplazarlo una semana por el apagón eléctrico que afectó la Península Ibérica. Sin embargo, su posterior validación en el Congreso de los Diputados no está ni de lejos garantizada. Junts, cuyos votos son imprescindibles para que la propuesta prospere, ha anunciado este lunes que presentará una enmienda a la totalidad, como ya avanzó EL PERIÓDICO la semana pasada. Los posconvergentes consideran que la norma es una ""ataque frontal"" a los autónomos y a las pequeñas y medianas empresas y que ""no soluciona los problemas reales de la gente"". La decisión se ha tomado en la ejecutiva por unanimidad.",2025-05-05T13:39:26,El Periódico,https://www.elperiodico.com/es/politica/20250505/junts-reduccion-jornada-laboral-enmienda-totalidad-117045648
250318,Así afecta WhatsApp a tu salud mental y así es cómo puedes evitarlo,El apagón en España y Portugal colapsó las redes móviles y puso en evidencia la fragilidad del sistema,2025-05-05T17:21:14,OKDiario,https://okdiario.com/tecnologia/whatsapp-salud-mental-14712823
449370,"Indignación en el CNI: Sánchez ordenó ""buscad lo que sea"" para no asumir su responsabilidad en el apagón","Fuentes de la ciberseguridad nacional consultadas por LD aseguran que ""en el Consejo de Seguridad Nacional, ordenó al CNI buscar cualquier coartada"".",2025-05-05T20:58:17,Libertad Digital,https://www.libertaddigital.com/espana/2025-05-05/indignacion-en-el-cni-sanchez-ordeno-buscad-lo-que-sea-para-no-asumir-su-responsabilidad-en-el-apagon-7250278/
